id;address_1;address_2;city;postcode;country
1;models CFP Franc Human;Quality;Cartershire;Rubber Kan;Is
2;experiences Sports Handcrafted Concrete Chicken;Passage optical Customer;South Thalia;end-to-end;Ja
3;web-readiness Buckinghamshire;methodical;Port Naomiberg;Kids;Sa
4;Developer;Awesome Wooden Table;New Olebury;Berkshire ;Ma
5;North Dakota solution Incredible;Applications circuit hacking;East Kaiahaven;grow overr;Om
6;Toys Home Quality-focused;synthesizing;Treutelborough;initiative;Sv
7;Assimilated transmit SCSI;Shirt;East Sam;Savings Ac;Sp
8;morph bus;azure projection calculating;New Rozellashire;solid stat;Co
9;motivating;Auto Loan Account Administrator Luxembourg;Barrettmouth;Industrial;Sa
10;payment bus microchip;payment multi-tasking Tasty;West Vernonbury;Tasty Ramp;Ch
