id;first_name;last_name;email;telephone
1;Chelsey;Wyman;Kiana.Bosco@hotmail.com;(872) 166-4291 x128
2;Elmer;Hamill;Graham_Green@hotmail.com;149-915-9755
3;Gladyce;Rippin;Alphonso_Schneider@yahoo.com;512-224-7679 x191
4;Otis;King;Conrad.Steuber9@hotmail.com;683-306-7005
5;Aryanna;Nikolaus;Ozella.OKeefe81@yahoo.com;1-238-586-0772
6;Issac;Feeney;Pat59@gmail.com;1-172-697-7267 x6410
7;Corine;Watsica;Owen_Huels@gmail.com;901-684-5855 x7416
8;Lewis;Stroman;Arjun25@yahoo.com;1-708-151-5451 x5182
9;Orin;Dietrich;Jake88@hotmail.com;388-654-0699
10;Jane;Crist;Will_Champlin@yahoo.com;014-493-0249
